/*inserción de datos de 100 clientes*/

INSERT INTO `CLIENTE` (`id_cliente`, `nombre`, `correo_electronico`, `direccion`)
VALUES
(1, 'Ana García', 'ana.garcia@example.com', 'Calle San Martín 238'),
(2, 'Carlos Martínez', 'carlos.martinez@example.com', 'Avenida Rivadavia 456'),
(3, 'Laura Rodríguez', 'laura.rodriguez@example.com', 'Pasaje Belgrano 789'),
(4, 'David López', 'david.lopez@example.com', 'Calle Mitre 346'),
(5, 'María González', 'maria.gonzalez@example.com', 'Avenida 9 de Julio 567'),
(6, 'José Hernández', 'jose.hernandez@example.com', 'Calle Mayor 890'),
(7, 'Patricia Pérez', 'patricia.perez@example.com', 'Avenida del Sol 123'),
(8, 'Francisco Torres', 'francisco.torres@example.com', 'Carrera 9 456'),
(9, 'Andrea Flores', 'andrea.flores@example.com', 'Calle Luna 789'),
(10, 'Javier Romero', 'javier.romero@example.com', 'Avenida Libertad 012'),
(11, 'Natalia Silva', 'natalia.silva@example.com', 'Calle Estrella 345'),
(12, 'Alejandro Ramírez', 'alejandro.ramirez@example.com', 'Avenida Norte 678'),
(13, 'Gabriela Vargas', 'gabriela.vargas@example.com', 'Carrera Sur 901'),
(14, 'Roberto Morales', 'roberto.morales@example.com', 'Calle Oeste 234'),
(15, 'Isabel Castro', 'isabel.castro@example.com', 'Avenida Este 567'),
(16, 'Miguel Ortega', 'miguel.ortega@example.com', 'Carrera Central 890'),
(17, 'Adriana Ríos', 'adriana.rios@example.com', 'Calle Principal 123'),
(18, 'Juan Navarro', 'juan.navarro@example.com', 'Avenida Central 456'),
(19, 'Claudia Jiménez', 'claudia.jimenez@example.com', 'Calle Norte 789'),
(20, 'Luis Méndez', 'luis.mendez@example.com', 'Avenida Sur 012'),
(21, 'Carolina Escobar', 'carolina.escobar@example.com', 'Calle Este 345'),
(22, 'Eduardo Rivas', 'eduardo.rivas@example.com', 'Avenida Oeste 678'),
(23, 'Sofía Paredes', 'sofia.paredes@example.com', 'Carrera Principal 901'),
(24, 'Fernando Montoya', 'fernando.montoya@example.com', 'Calle Central 234'),
(25, 'Julia Mendoza', 'julia.mendoza@example.com', 'Avenida Principal 567'),
(26, 'Gonzalo Guzmán', 'gonzalo.guzman@example.com', 'Carrera Norte 890'),
(27, 'Silvia Castro', 'silvia.castro@example.com', 'Calle Sur 123'),
(28, 'Hugo Soto', 'hugo.soto@example.com', 'Avenida Este 456'),
(29, 'Camila Ruiz', 'camila.ruiz@example.com', 'Carrera Oeste 789'),
(30, 'Andrés Fuentes', 'andres.fuentes@example.com', 'Calle Principal 012'),
(31, 'Valentina Peña', 'valentina.pena@example.com', 'Avenida Central 345'),
(32, 'Pedro Medina', 'pedro.medina@example.com', 'Carrera Norte 678'),
(33, 'Lucía Morales', 'lucia.morales@example.com', 'Calle Sur 901'),
(34, 'Diego Sánchez', 'diego.sanchez@example.com', 'Avenida Este 234'),
(35, 'Marcela Vidal', 'marcela.vidal@example.com', 'Carrera Oeste 567'),
(36, 'Roberto Rojas', 'roberto.rojas@example.com', 'Calle Principal 890'),
(37, 'Carolina Araya', 'carolina.araya@example.com', 'Avenida Central 123'),
(38, 'Pablo Castro', 'pablo.castro@example.com', 'Carrera Norte 456'),
(39, 'Sara Muñoz', 'sara.munoz@example.com', 'Calle Sur 789'),
(40, 'Andrés Cordero', 'andres.cordero@example.com', 'Avenida Este 012'),
(41, 'Gabriela Miranda', 'gabriela.miranda@example.com', 'Calle Principal 345'),
(42, 'José Ramírez', 'jose.ramirez@example.com', 'Avenida Central 678'),
(43, 'Florencia Navarro', 'florencia.navarro@example.com', 'Carrera Norte 901'),
(44, 'Javier González', 'javier.gonzalez@example.com', 'Calle Sur 234'),
(45, 'Daniela Méndez', 'daniela.mendez@example.com', 'Avenida Este 567'),
(46, 'Mauricio Herrera', 'mauricio.herrera@example.com', 'Carrera Oeste 890'),
(47, 'Carolina Paredes', 'carolina.paredes@example.com', 'Calle Principal 123'),
(48, 'Andrea Castro', 'andrea.castro@example.com', 'Avenida Central 456'),
(49, 'Ricardo Salazar', 'ricardo.salazar@example.com', 'Carrera Norte 789'),
(50, 'María Vargas', 'maria.vargas@example.com', 'Calle Sur 012'),
(51, 'Luisa Fernández', 'luisa.fernandez@example.com', 'Avenida Este 345'),
(52, 'Felipe Ríos', 'felipe.rios@example.com', 'Carrera Oeste 678'),
(53, 'Valeria Ortiz', 'valeria.ortiz@example.com', 'Calle Principal 901'),
(54, 'Juan Pablo Castro', 'juanpablo.castro@example.com', 'Avenida Central 234'),
(55, 'Ana Torres', 'ana.torres@example.com', 'Carrera Norte 567'),
(56, 'Manuel Montoya', 'manuel.montoya@example.com', 'Calle Sur 890'),
(57, 'Camila Soto', 'camila.soto@example.com', 'Avenida Este 123'),
(58, 'Ricardo Morales', 'ricardo.morales@example.com', 'Carrera Oeste 456'),
(59, 'María José Herrera', 'mariajose.herrera@example.com', 'Calle Principal 789'),
(60, 'Sebastián Navarro', 'sebastian.navarro@example.com', 'Avenida Central 012'),
(61, 'Valentina Pinto', 'valentina.pinto@example.com', 'Carrera Norte 345'),
(62, 'Jorge Castro', 'jorge.castro@example.com', 'Calle Sur 678'),
(63, 'Gabriela Mendoza', 'gabriela.mendoza@example.com', 'Avenida Este 901'),
(64, 'Pedro García', 'pedro.garcia@example.com', 'Carrera Oeste 234'),
(65, 'Francisca Valenzuela', 'francisca.valenzuela@example.com', 'Calle Principal 567'),
(66, 'Andrés Torres', 'andres.torres@example.com', 'Avenida Central 890'),
(67, 'Carolina Vidal', 'carolina.vidal@example.com', 'Carrera Norte 123'),
(68, 'Miguel Soto', 'miguel.soto@example.com', 'Calle Sur 456'),
(69, 'Daniela Rojas', 'daniela.rojas@example.com', 'Avenida Este 789'),
(70, 'Fernando Araya', 'fernando.araya@example.com', 'Carrera Oeste 012'),
(71, 'María José Castro', 'mariajose.castro@example.com', 'Calle Principal 345'),
(72, 'Carlos Montoya', 'carlos.montoya@example.com', 'Avenida Central 678'),
(73, 'Valeria Navarro', 'valeria.navarro@example.com', 'Carrera Norte 901'),
(74, 'Gonzalo González', 'gonzalo.gonzalez@example.com', 'Calle Sur 234'),
(75, 'Sofía Méndez', 'sofia.mendez@example.com', 'Avenida Este 567'),
(76, 'Pablo Herrera', 'pablo.herrera@example.com', 'Carrera Oeste 890'),
(77, 'María Fernández', 'maria.fernandez@example.com', 'Calle Principal 123'),
(78, 'Andrés Salazar', 'andres.salazar@example.com', 'Avenida Central 456'),
(79, 'Carla Paredes', 'carla.paredes@example.com', 'Carrera Norte 789'),
(80, 'Sebastián Vargas', 'sebastian.vargas@example.com', 'Calle Sur 012'),
(81, 'Valentina Ríos', 'valentina.rios@example.com', 'Avenida Este 345'),
(82, 'Felipe Ortiz', 'felipe.ortiz@example.com', 'Carrera Oeste 678'),
(83, 'Javiera Castro', 'javiera.castro@example.com', 'Calle Principal 901'),
(84, 'Ricardo Montoya', 'ricardo.montoya@example.com', 'Avenida Central 234'),
(85, 'Florencia Torres', 'florencia.torres@example.com', 'Carrera Norte 567'),
(86, 'Javier Soto', 'javier.soto@example.com', 'Calle Sur 890'),
(87, 'Daniela Morales', 'daniela.morales@example.com', 'Avenida Este 123'),
(88, 'Mauricio Araya', 'mauricio.araya@example.com', 'Carrera Oeste 456'),
(89, 'Carolina Vidal', 'carolina.vidal@example.com', 'Calle Principal 789'),
(90, 'Jorge Rojas', 'jorge.rojas@example.com', 'Avenida Central 012'),
(91, 'Valentina Castro', 'valentina.castro@example.com', 'Carrera Norte 345'),
(92, 'Matías González', 'matias.gonzalez@example.com', 'Calle Sur 678'),
(93, 'Florencia Mendoza', 'florencia.mendoza@example.com', 'Avenida Este 901'),
(94, 'Sebastián García', 'sebastian.garcia@example.com', 'Carrera Oeste 234'),
(95, 'María José Valenzuela', 'mariajose.valenzuela@example.com', 'Calle Principal 567'),
(96, 'Pedro Torres', 'pedro.torres@example.com', 'Avenida Central 890'),
(97, 'Carolina Soto', 'carolina.soto@example.com', 'Carrera Norte 123'),
(98, 'Miguel Rojas', 'miguel.rojas@example.com', 'Calle Sur 456'),
(99, 'Daniela Vargas', 'daniela.vargas@example.com', 'Avenida Este 789'),
(100, 'Fernando Araya', 'fernando.araya@example.com', 'Carrera Oeste 012');

/*insercion de datos de 100 productos*/
INSERT INTO `PRODUCTO` (`id_producto`, `nombre`, `precio`, `stock`) VALUES
(1, 'Camiseta de manga corta', 1990, 50),
(2, 'Pantalón de mezclilla', 960, 40),
(3, 'Vestido de algodón', 1590, 30),
(4, 'Sudadera con capucha', 3800, 35),
(5, 'Shorts deportivos', 2400, 60),
(6, 'Conjunto de pijama', 4900, 25),
(7, 'Chaquetón impermeable', 12500, 20),
(8, 'Calcetines de colores', 790, 80),
(9, 'Zapatillas deportivas', 22500, 30),
(10, 'Gorro de invierno', 1200, 45),
(11, 'Camisa de vestir', 2200, 25),
(12, 'Falda plisada', 2890, 35),
(13, 'Chaqueta de jean', 14200, 30),
(14, 'Pijama de animales', 5300, 50),
(15, 'Camiseta de manga larga', 2800, 55),
(16, 'Pantalón deportivo', 4600, 40),
(17, 'Vestido de fiesta', 13700, 20),
(18, 'Chaqueta acolchada', 28700, 15),
(19, 'Calcetines deportivos', 840, 70),
(20, 'Zapatos de cuero', 32700, 25),
(21, 'Gorro de punto', 990, 60),
(22, 'Camiseta estampada', 1499, 70),
(23, 'Pantalón corto', 1999, 50),
(24, 'Vestido floral', 3499, 30),
(25, 'Chaqueta de invierno', 25999, 20),
(26, 'Conjunto de ropa interior', 1299, 65),
(27, 'Camiseta de titanes', 1299, 75),
(28, 'Pantalon de chándal', 6499, 45),
(29, 'Vestido de princesa', 3999, 25),
(30, 'Abrigo de lana', 4999, 20),
(31, 'Calcetines de algodón', 599, 90),
(32, 'Botas de nieve', 24999, 15),
(33, 'Gorro de lana', 1199, 60),
(34, 'Camiseta básica', 2999, 80),
(35, 'Pantalón vaquero', 2999, 35),
(36, 'Vestido de verano', 3499, 30),
(37, 'Chaqueta Bomber', 3999, 25),
(38, 'Pijama de algodón', 1999, 50),
(39, 'Camiseta estampada', 1799, 55),
(40, 'Pantalón cargo', 2499, 40),
(41, 'Vestido de encaje', 4499, 25),
(42, 'Chaqueta de entretiempo', 4999, 20),
(43, 'Calcetines divertidos',799, 70),
(44, 'Zapatillas deportivas', 35999, 30),
(45, 'Gorro de punto', 1299, 45),
(46, 'Camiseta de manga larga', 1499, 70),
(47, 'Pantalón corto deportivo', 1999, 50),
(48, 'Vestido de unicornio', 3999, 25),
(49, 'Chaqueta de plumas', 15999, 15),
(50, 'Conjunto de calcetines', 999, 75),
(51, 'Camisa de cuadros', 2499, 35),
(52, 'Falda de tul', 2999, 40),
(53, 'Chaqueta vaquera', 36999, 30),
(54, 'Pijama de franela', 2499, 35),
(55, 'Camiseta con estampado de animales', 1799, 55),
(56, 'Pantalón jogger', 8499, 40),
(57, 'Vestido de fiesta', 14999, 20),
(58, 'Abrigo acolchado', 15499, 15),
(59, 'Calcetines divertidos', 999, 70),
(60, 'Zapatos deportivos',23999, 30),
(61, 'Gorro de invierno', 1199, 60),
(62, 'Camiseta con estampado de dinosaurio', 1499, 70),
(63, 'Pantalón corto vaquero', 11999, 50),
(64, 'Vestido de flores', 13499, 30),
(65, 'Chaqueta de invierno', 35999, 20),
(66, 'Conjunto de ropa interior', 1299, 65),
(67, 'Camiseta de tirantes', 2990, 75),
(68, 'Pantalón de chándal', 12499, 45),
(69, 'Vestido de hada', 4499, 25),
(70, 'Abrigo de paño', 34999, 20),
(71, 'Calcetines de algodón', 599, 90),
(72, 'Botas de lluvia', 2999, 35),
(73, 'Gorro de lana', 999, 60),
(74, 'Camiseta básica', 999, 80),
(75, 'Pantalón vaquero', 2999, 35),
(76, 'Vestido de verano', 3499, 30),
(77, 'Chaqueta acolchada', 3999, 25),
(78, 'Pijama de algodón', 1999, 50),
(79, 'Camiseta estampada', 1799, 55),
(80, 'Pantalón cargo', 2499, 40),
(81, 'Vestido de princesa', 4499, 25),
(82, 'Chaqueta de entretiempo', 4999, 20),
(83, 'Calcetines divertidos', 799, 70),
(84, 'Zapatillas deportivas', 3999, 30),
(85, 'Gorro de punto', 1299, 45),
(86, 'Camiseta de manga larga', 1499, 70),
(87, 'Pantalón corto deportivo', 1999, 50),
(88, 'Vestido de unicornio', 3999, 25),
(89, 'Chaqueta de plumas', 5999, 15),
(90, 'Conjunto de calcetines', 999, 75),
(91, 'Camisa de cuadros', 2499, 35),
(92, 'Falda de tul', 2999, 40),
(93, 'Chaqueta vaquera', 3999, 30),
(94, 'Pijama de franela', 7499, 35),
(95, 'Camiseta con estampado de animales', 1799, 55),
(96, 'Pantalón jogger', 6499, 40),
(97, 'Vestido de fiesta', 24999, 20),
(98, 'Abrigo acolchado', 27499, 15),
(99, 'Calcetines divertidos', 999, 70),
(100, 'Zapatos deportivos', 34999, 30);

 INSERT INTO COMPRAS (id_compra, id_producto, id_cliente, cantidad, fecha) VALUES
    (1, 27, 11, 3, '2023-06-01'),
    (2, 33, 32, 5, '2023-05-25'),
    (3, 21, 13, 2, '2023-05-29'),
    (4, 47, 44, 7, '2023-05-20'),
    (5, 2, 35, 4, '2023-05-18'),
    (6, 34, 43, 8, '2023-06-02'),
    (7, 49, 21, 6, '2023-05-23'),
    (8, 14, 47, 3, '2023-05-30'),
    (9, 57, 11, 5, '2023-06-03'),
    (10, 10, 12, 2, '2023-05-28'),
    (11, 38, 45, 7, '2023-05-19'),
    (12, 46, 31, 5, '2023-05-24'),
    (13, 23, 74, 3, '2023-05-26'),
    (14, 10, 23, 6, '2023-05-27'),
    (15, 56, 20, 4, '2023-05-22'),
    (16, 11, 15, 2, '2023-06-06'),
    (17, 26, 32, 3, '2023-05-21'),
    (18, 3, 14, 4, '2023-06-05'),
    (19, 44, 35, 5, '2023-06-24'),
    (20, 13, 21, 6, '2023-05-17'),
    (21, 5, 32, 7, '2023-05-18'),
    (22, 18, 28, 8, '2023-05-19'),
    (23, 32, 11, 2, '2023-05-20'),
    (24, 4, 10, 3, '2023-06-01'),
    (25, 24, 36, 4, '2023-05-31'),
    (26, 1, 14, 5, '2023-05-25'),
    (27, 55, 56, 6, '2023-05-27'),
    (28, 1, 11, 67, '2023-05-29'),
    (29, 26, 27, 8, '2023-06-06'),
    (30, 3, 33, 4, '2023-06-02'),
    (31, 4, 42, 3, '2023-05-24'),
    (32, 53, 50, 2, '2023-05-30'),
    (33, 15, 11, 1, '2023-05-26'),
    (34, 22, 27, 5, '2023-06-05'),
    (35, 3, 33, 3, '2023-05-22'),
    (36, 4, 14, 7, '2023-06-04'),
    (37, 50, 55, 4, '2023-05-23'),
    (38, 17, 11, 2, '2023-05-28'),
    (39, 2, 44, 5, '2023-06-03'),
    (40, 39, 13, 7, '2023-05-19'),
    (41, 44, 59, 2, '2023-05-21'),
    (42, 50, 15, 4, '2023-06-06'),
    (43, 10, 16, 6, '2023-05-30'),
    (44, 23, 52, 3, '2023-05-18'),
    (45, 3, 13, 1, '2023-05-24'),
    (46, 42, 42, 8, '2023-05-26'),
    (47, 56, 15, 5, '2023-06-02'),
    (48, 15, 10, 3, '2023-05-28'),
    (49, 2, 24, 2, '2023-05-22'),
    (50, 33, 3, 4, '2023-05-23'),
    (51, 44, 46, 5, '2023-05-25'),
    (52, 58, 5, 6, '2023-06-01'),
    (53, 1, 11, 7, '2023-05-18'),
    (54, 26, 2, 8, '2023-05-20'),
    (55, 3, 13, 2, '2023-05-28'),
    (56, 42,41, 3, '2023-06-03'),
    (57, 5, 15, 6, '2023-05-31'),
    (58, 17, 21, 4, '2023-05-20'),
    (59, 2, 30, 5, '2023-05-26'),
    (60, 32, 13, 2, '2023-06-03')



